<?xml version="1.0" encoding="ISO-8859-1"?>
<metadata>
  <exportInfo>
    <exportTime>22/03/2024 09:41:44</exportTime>
    <systemVersion>4.25b91</systemVersion>
    <systemCharSet>ISO-8859-1</systemCharSet>
    <dbMetadata>
      <dbUser>SANKHYA</dbUser>
      <urlConnection><![CDATA[jdbc:oracle:thin:@dbsaas21.sankhya.prod:1521/ELETROCARDOSOPRD.SANKHYACLOUD.COM.BR]]></urlConnection>
      <jdbcDriver><![CDATA[Oracle JDBC driver 19.21.0.0.0]]></jdbcDriver>
      <DBMS><![CDATA[Oracle - Oracle Database 19c EE High Perf Release 19.0.0.0.0 - Production
Version 19.16.0.0.0]]></DBMS>
    </dbMetadata>
  </exportInfo>
  <instances>
    <instance name="AD_TGFPROTP" isUpdate="false">
      <instanceDescription><![CDATA[Produtos Tabela Base]]></instanceDescription>
      <tableInfo name="AD_TGFPROTP" sequenceType="M">
        <tableDescription><![CDATA[Produtos Tabela Base]]></tableDescription>
        <primaryKey>
          <CODGRUPOPROD />
          <CODPROD />
        </primaryKey>
      </tableInfo>
      <fields>
        <field name="CODGRUPOPROD" systemField="N" dataType="I" presentationType="P" calculated="N" allowSearch="S" allowDefault="S" visibleOnSearch="S" allowNull="N">
          <description><![CDATA[Sub-Grupo Produto]]></description>
        </field>
        <field name="CODPROD" systemField="N" dataType="I" presentationType="P" calculated="N" allowSearch="S" allowDefault="S" visibleOnSearch="S" allowNull="N" size="10">
          <description><![CDATA[C�d. Produto]]></description>
        </field>
        <field name="VLRVENDA" systemField="N" dataType="F" presentationType="P" calculated="N" allowSearch="N" allowDefault="S" visibleOnSearch="S" allowNull="S">
          <description><![CDATA[Valor Base de Venda]]></description>
        </field>
      </fields>
      <relationShip>
        <relation entityName="Produto" type="I" insert="N" update="N" remove="N">
          <targetInfo systemInstance="S" tableName="TGFPRO" />
          <fields>
            <field localName="CODPROD" targetName="CODPROD" />
          </fields>
        </relation>
      </relationShip>
    </instance>
  </instances>
</metadata>

